{
	"xsappname": "openSAP_HANA7",
	"scopes": [{
		"name": "$XSAPPNAME.Display",
		"description": "display"
	}, {
		"name": "$XSAPPNAME.Create",
		"description": "create"
	}, {
		"name": "$XSAPPNAME.Edit",
		"description": "edit"
	}, {
		"name": "$XSAPPNAME.Delete",
		"description": "delete"
	}, {
		"name": "$XSAPPNAME.DataGenerator",
		"description": "data generator"
	}, {
		"name": "xs_authorization.read",
		"description": "Read authorization information from UAA"
	}, {
		"name": "xs_authorization.write",
		"description": "Write authorization information to UAA"
	}, {
		"name": "$XSAPPNAME.ODATASERVICEUSER",
		"description": "Enter"
	}, {
		"name": "$XSAPPNAME.ODATASERVICEADMIN",
		"description": "Enter"
	}],
	"attributes": [{
		"name": "client",
		"description": "Session Client",
		"valueType": "int"
	}, {
		"name": "country",
		"description": "country",
		"valueType": "s"
	}],
	"role-templates": [{
		"name": "Viewer",
		"description": "View all records",
		"scope-references": [
			"$XSAPPNAME.Display"
		],
		"attribute-references": [
			"client", "country"
		]
	}, {
		"name": "Editor",
		"description": "Edit and Delete records",
		"scope-references": [
			"$XSAPPNAME.Create",
			"$XSAPPNAME.Edit",
			"$XSAPPNAME.Delete",
			"$XSAPPNAME.Display",
			"$XSAPPNAME.DataGenerator",
			"$XSAPPNAME.ODATASERVICEUSER",
			"$XSAPPNAME.ODATASERVICEADMIN"
		],
		"attribute-references": [
			"client"
		]
	}]
}